id,name,autor,price,year
1,Non velit nec,Furness,1316.34,1901
2,Eget,Coleiro,773.24,1903
3,Enim,Derell,1086.22,1969
4,Natoque penatibus et,Malyj,1331.62,1904
5,Posuere cubilia,Kelshaw,1209.76,1941
6,Morbi a,Neilus,1425.65,1920
7,Odio in hac,Avrahamian,612.19,1994
8,Sagittis,Lowther,196.07,1945
9,Nisi,Kidde,1375.08,1981
10,Sit amet justo,Lamborne,1303.34,1967
11,Duis ac nibh,Carlozzi,1097.29,2012
12,Venenatis,Laxson,656.89,1922
13,Platea,Birwhistle,346.53,1999
14,Blandit,Markos,1383.0,1961
15,Porttitor,Papachristophorou,1336.36,1914
16,Vestibulum velit id,Maccree,231.36,2008
17,Donec,Panichelli,559.15,1927
18,Et ultrices,Monteaux,119.77,1936
19,Quis,Ellinor,1426.75,1933
20,Sit,Ciubutaro,963.56,1904
21,Mattis nibh,Junes,634.62,2008
22,Sed accumsan,Howgill,688.99,2000
23,At nibh,Roadnight,1333.35,1942
24,Vestibulum sed,Ridsdell,1034.43,1900
25,Amet,Norquay,427.04,1947
26,Mattis,Frick,1416.78,1935
27,Est lacinia nisi,Gullis,412.27,1912
28,Amet nulla quisque,Housden,322.82,1934
29,Tellus in sagittis,Ambroz,404.36,1981
30,Viverra,Smithe,1232.24,1991
31,Condimentum curabitur in,Sousa,669.16,1920
32,Neque,Mewis,321.85,1907
33,Elementum in,Radnage,1183.51,1923
34,Nisl,Bilton,1190.71,1985
35,At,Slemmonds,362.38,1936
36,Integer ac leo,Audas,123.98,1987
37,Pede libero quis,Meekings,1130.78,1935
38,In,McCahill,678.75,1976
39,Vel pede,Dellow,627.18,1955
40,Etiam vel augue,Harryman,705.4,2001
41,Ut erat,Cecere,1286.08,1901
42,Porttitor lacus,Rogers,283.38,1908
43,Justo,Fripps,1235.27,1972
44,Venenatis turpis enim,Kitchingman,1146.42,1974
45,Iaculis justo,Elacoate,749.54,1959
46,Donec semper sapien,Renbold,793.1,1964
47,Vestibulum sed magna,Botley,1286.01,2016
48,Mi,Phettis,222.08,1951
49,Ac,Witard,185.21,1971
50,Justo pellentesque viverra,Sher,1137.3,1943
51,In leo maecenas,Barme,502.04,1948
52,Id justo,Masham,124.81,1951
53,Mi,Patkin,1436.51,1995
54,Ut,Yellop,853.31,1994
55,In,Garrique,1387.72,1952
56,Magna bibendum,Halwell,177.69,1962
57,Gravida sem praesent,Mathouse,952.9,1901
58,Phasellus,Meller,1483.69,1958
59,Vivamus vel nulla,Breckin,904.04,2003
60,Fringilla,Challiss,328.35,1982
61,Et ultrices,Chasen,1063.77,2017
62,Est et tempus,Pfiffer,298.71,1911
63,Tempus sit,Pepler,1251.59,2008
64,Fusce consequat,Stenyng,1275.83,1989
65,Nulla,Ayscough,366.92,1967
66,Primis in,Leftbridge,195.02,1903
67,Vehicula,Cannan,1415.52,1934
68,Lorem,Levay,445.85,1928
69,Integer a nibh,Rowbottam,1369.42,1954
70,Sed,Mariotte,1348.99,1957
71,Est donec odio,Overel,1010.97,1910
72,Nibh ligula nec,O'Mailey,758.48,2003
73,Justo nec,Guilder,1008.74,2014
74,Turpis enim blandit,Wittleton,497.81,1930
75,Ac,Ferrillo,561.02,1989
76,Praesent,Brinicombe,360.52,1946
77,Est quam,Kilbey,525.68,1978
78,Vulputate,Spritt,375.33,1926
79,Sit amet,Dyott,727.95,1998
80,Gravida,Ware,296.0,1981
81,Pede justo,Sparkwill,636.7,1964
82,Faucibus orci luctus,McCay,811.78,1946
83,Arcu,Tolmie,408.56,1949
84,Justo,Rowden,634.89,1990
85,Cras mi,Biles,1323.26,1927
86,Tincidunt nulla mollis,Ohrt,570.97,2010
87,Ipsum ac,Rotchell,1211.05,1979
88,Congue,Cracknall,1445.33,1967
89,Vel lectus in,Folomkin,330.93,1988
90,Vestibulum,Mulrean,1373.24,1925
91,Pellentesque at,Dearth,1025.63,1913
92,Lacus,Wooller,855.69,1985
93,Cursus vestibulum proin,McHardy,997.58,1906
94,Sit amet nulla,Pollett,107.8,1968
95,Lacus at,Chesnut,1037.62,1909
96,Amet eleifend,Sandaver,758.28,1949
97,Sed,Gravenor,213.08,1997
98,Curae mauris viverra,Torrent,767.97,1959
99,Platea,Iston,246.58,2014
100,Eleifend,Seabon,1271.04,1980
101,Ultrices libero non,Vest,462.94,1920
102,Pede,Mowday,1069.75,1912
103,Sed,Louiset,138.21,1976
104,Praesent,Hackinge,901.45,2019
105,Aliquam convallis nunc,Minihan,593.7,2000
106,Cubilia curae nulla,Serotsky,118.22,1906
107,Eros,Bogeys,1238.33,1905
108,Magna vestibulum aliquet,Kettlestringe,1099.17,1944
109,Augue a,Stonestreet,611.34,1972
110,Rhoncus,Willets,561.65,1960
111,Id,Filkov,540.89,1923
112,Lobortis est phasellus,Goard,1284.94,1915
113,Ante ipsum primis,Danovich,1198.91,1916
114,Justo aliquam,Brisco,683.58,1995
115,Morbi,Gregolotti,1256.91,1988
116,Vel nisl duis,Harmer,953.5,1930
117,Eros vestibulum,Bodocs,945.12,1920
118,Sapien urna pretium,Leathem,263.15,1957
119,Consequat,Tongs,1214.44,2013
120,Lorem,Redfield,1032.44,1975
121,Metus,Ashleigh,127.87,1905
122,Purus,Littley,821.23,1942
123,Ut,Eliez,957.73,1995
124,In sapien iaculis,Pendlebery,646.63,1901
125,Sem mauris laoreet,Tappor,284.26,1952
126,Dis parturient,Buchan,411.32,1957
127,Luctus et,Staddon,1362.71,1913
128,Pretium quis,Merrall,278.68,1957
129,In faucibus orci,Awde,685.08,1960
130,Hac,McGinnis,236.9,1972
131,Luctus et,Thomelin,931.73,1960
132,Integer,Patel,414.84,2004
133,Leo,Blincko,124.49,2017
134,Ullamcorper augue a,Adshede,1484.6,1973
135,Risus dapibus,Madgwich,494.54,1916
136,Id,Jasper,878.24,1944
137,Nisl,Lowater,558.09,1982
138,Vestibulum ante,Claesens,1387.33,1900
139,Neque duis,Allington,1148.16,1905
140,Dictumst aliquam,Smogur,648.32,1942
141,Quam sapien varius,Silcox,1424.25,1979
142,Sapien,Peinton,1412.17,1980
143,Pede libero,Eudall,654.95,1969
144,Libero convallis,Pritchard,1165.39,1934
145,Nam dui proin,Burcombe,186.12,1942
146,Donec dapibus,Sorsbie,974.56,2001
147,Est donec,Bownde,1351.57,1955
148,Sed magna,O'Heaney,697.79,1963
149,Tellus nulla ut,Shrieves,836.7,1932
150,Nibh,Wiersma,964.76,1920
151,Nec,Deveril,592.14,1902
152,Natoque,Basley,490.41,1943
153,Vel accumsan,Eckart,748.53,1950
154,Primis in faucibus,Coatts,161.01,1998
155,Suspendisse,Djokic,1113.47,2006
156,Quisque porta,Dorr,505.61,1916
157,Duis bibendum,Coan,1435.26,2002
158,Morbi odio,Fray,349.11,1972
159,Volutpat eleifend donec,Huggan,818.7,2014
160,Mauris,Jakobssen,1101.7,1904
161,Vestibulum ante ipsum,Smithers,1076.96,1928
162,Elementum nullam,Booeln,1401.84,1986
163,Non,Jursch,553.18,1971
164,Gravida,Sherebrook,1268.05,1999
165,Sapien varius,Winyard,1482.17,1973
166,Morbi vel,Harlock,393.2,1988
167,Nascetur ridiculus mus,Topp,1369.49,2013
168,Luctus nec molestie,Cleverly,119.93,1985
169,Tortor,Skeech,463.64,1951
170,In est,De Mitri,1282.14,2006
171,Quis augue luctus,Sirey,1125.66,1945
172,Pede ac,Sutterfield,144.76,1956
173,Libero,Tatton,1103.19,1943
174,Eu nibh quisque,Hugnet,515.51,1956
175,Curabitur gravida,Simmans,650.8,1912
176,Elementum,Gomersall,884.09,1920
177,Justo morbi ut,Tenbrug,651.91,1968
178,Velit vivamus,Caillou,918.46,1938
179,Rhoncus dui vel,Prendergast,657.07,1939
180,Platea,Sivill,970.56,1936
181,Nam ultrices,Gutcher,243.95,1916
182,Enim,Thackeray,1206.01,1985
183,Aliquam,Pechold,618.74,1956
184,Velit,Flavelle,1310.53,1943
185,Velit,Corder,1035.28,2002
186,Primis in,Rodgman,1067.01,1967
187,Mattis pulvinar nulla,Murt,648.9,2019
188,Mi pede malesuada,Gaylord,941.73,1923
189,Non,Newbury,288.78,1915
190,Potenti,Clemo,1487.94,1935
191,Consectetuer adipiscing elit,Addison,693.52,1972
192,Quam fringilla,Towner,1406.12,1951
193,Neque duis,Kretschmer,737.11,1966
194,Amet nulla,Jeratt,288.36,1933
195,Aliquet pulvinar sed,Fipp,250.88,1905
196,Tortor sollicitudin,McMurdo,106.14,1931
197,Accumsan odio,Wilacot,1152.46,1929
198,Praesent lectus,Dreye,847.54,1982
199,Hendrerit at vulputate,Briffett,1359.89,1920
200,Condimentum curabitur,Shaylor,1491.93,1902
201,Aliquam,Davidovits,371.29,1957
202,In,Baiden,1453.29,2005
203,Accumsan felis ut,Pringell,471.19,1968
204,Mi,Blazevic,581.6,2011
205,Habitasse platea dictumst,Benninger,682.31,1950
206,Ut erat id,Gulberg,861.49,1920
207,Felis sed interdum,Coston,103.39,1988
208,Donec semper,Padberry,1325.01,2014
209,At lorem integer,Supple,218.39,1944
210,Ipsum primis,Tubridy,1246.98,2020
211,Mauris,Looney,427.28,1967
212,Mauris enim leo,Glasper,825.72,1932
213,Pede malesuada in,Sparhawk,1470.87,1994
214,Dis parturient montes,Tembridge,564.6,1918
215,Tristique est et,Conant,630.06,1948
216,Vulputate vitae,Draisey,293.91,1936
217,Id,Sollime,202.64,1907
218,At nunc commodo,Povah,740.9,1998
219,Blandit,Gethin,175.74,1934
220,Posuere cubilia,McGettrick,1398.07,1929
221,Phasellus,Tavner,1222.64,2004
222,Interdum in,Anfusso,1361.49,1986
223,Adipiscing molestie,Breese,433.75,1902
224,Posuere metus vitae,Kubyszek,515.23,1944
225,Diam neque vestibulum,Scamerdine,467.38,1911
226,Elit,Pietrasik,989.9,2018
227,Potenti,Dubery,1450.34,1913
228,Pede ullamcorper,Looby,1339.4,1952
229,Varius,Duckinfield,307.42,1942
230,Lorem integer,Ravenscroftt,250.2,2017
231,Iaculis justo in,Tarburn,817.52,1910
232,Morbi sem mauris,Schoenrock,969.88,1966
233,Aliquet,Lack,246.96,1990
234,Vestibulum quam,Simmill,1127.61,2007
235,Ut,Rathjen,550.77,2014
236,Ultrices libero non,Wallach,992.57,2005
237,Magna at,Ghiriardelli,1190.33,1963
238,Ultrices posuere cubilia,Kilfeder,165.94,1967
239,Nec dui luctus,Bernardelli,685.76,1947
240,Mattis nibh ligula,Tace,1139.79,1938
241,Integer,Realph,260.61,2011
242,Quis justo,Perico,1472.75,2014
243,Cras,Hartlebury,837.47,1965
244,Accumsan,Moodey,535.94,1946
245,Leo pellentesque ultrices,Rieme,267.75,1974
246,Sit,Leban,1300.12,1923
247,Sit,Cleaton,256.87,1944
248,Convallis nunc,Kidd,534.52,1977
249,Venenatis non sodales,Clingan,415.38,1974
250,Quis,Steiner,204.36,1935
251,Tortor sollicitudin,Hastin,1384.91,1952
252,Nullam orci pede,Phythien,483.83,1936
253,Mattis odio donec,De Goey,1134.68,1909
254,Vitae,Frank,222.37,1943
255,Nisl nunc,Giannasi,587.07,1916
256,Ipsum primis,Norsworthy,990.95,2014
257,Lorem ipsum dolor,Fechnie,1062.09,1946
258,Et ultrices,Makeswell,450.27,2006
259,Cum sociis natoque,Lamberth,1185.19,1997
260,Condimentum curabitur in,Jedrzej,1293.43,1939
261,In,Girvan,1172.15,2019
262,Sodales,Folliss,1204.69,2016
263,In,Screwton,636.2,1991
264,Varius nulla,Noblet,1211.65,2002
265,A libero,Bewshaw,757.38,1974
266,Vestibulum ante,Ariss,1232.03,1939
267,Congue,Edler,1050.74,1966
268,Volutpat,Nast,240.53,1990
269,Iaculis,Koop,559.7,1909
270,Ligula sit,Westmoreland,981.97,1941
271,Lectus in quam,Bulfit,1009.47,1977
272,Sapien urna,Fowell,924.04,1919
273,Et magnis dis,Denis,288.76,2013
274,Nascetur ridiculus mus,Werlock,949.99,1991
275,Iaculis justo,Timothy,1032.09,1911
276,Consequat,Dodgshun,761.13,1983
277,Sapien varius,Fernyhough,395.44,2016
278,Ullamcorper augue a,Meron,1328.96,1919
279,Quam,Suthworth,1135.4,1909
280,Enim lorem ipsum,Simpkin,285.46,2000
281,Eu massa,Fluin,197.13,1934
282,Tincidunt lacus,Rysdale,1339.34,1972
283,Dui proin leo,Turone,727.61,1910
284,Vel pede,Bravery,698.82,2002
285,Ut at,Drable,1419.69,1940
286,Accumsan,Cleveley,1352.5,1991
287,Tellus in sagittis,Regardsoe,338.46,1905
288,Fermentum,Bernot,337.52,1944
289,Libero nam dui,Clibbery,559.16,1991
290,In,Santarelli,500.75,1906
291,Consequat varius integer,Grahamslaw,950.86,1991
292,Congue,Winscomb,1499.27,2020
293,Ac enim in,Kinsett,961.26,1989
294,Et eros vestibulum,Hinkens,1167.14,1941
295,Nibh in quis,Beatens,919.44,1934
296,Non pretium quis,Blankenship,800.95,1903
297,Sit amet nulla,Flockhart,888.72,1983
298,Id mauris,Chadd,290.73,1962
299,Sapien non mi,Vagg,778.67,1997
300,Mus vivamus,Kezourec,1190.7,1935
301,Augue a,Moret,138.29,2005
302,Viverra pede,Queree,1377.97,2003
303,Metus aenean fermentum,Whitworth,194.21,1930
304,A libero,Reeves,238.84,2019
305,Diam,Wilmut,711.92,2018
306,Sed sagittis nam,Waber,519.58,1941
307,Nisi volutpat eleifend,Lundy,846.59,1909
308,In est,Drakeley,221.34,1983
309,Lorem integer tincidunt,Wedmore,1385.62,1924
310,Vulputate nonummy maecenas,Harmant,770.38,1973
311,Habitasse platea dictumst,O' Lone,378.38,1994
312,Etiam pretium iaculis,Kidson,188.48,1937
313,Natoque penatibus,Hornig,1118.57,1902
314,Eros,Bastock,1298.16,2000
315,Orci mauris,Gaskell,662.76,1996
316,Erat nulla,Paget,1192.74,1911
317,Lorem ipsum,Sowten,897.29,1927
318,Ridiculus mus,Pratt,1403.56,1988
319,Nulla tellus in,Thorby,450.83,1927
320,Primis,O'Crevy,499.56,1900
321,Nunc,Saunier,586.3,2016
322,Eget,Sutherland,829.76,1964
323,Tempus semper,Redshaw,401.2,1960
324,Sit,Shingles,752.32,1944
325,Tempus,Bagworth,139.44,1931
326,Lectus in,Birdsall,1073.39,1928
327,Rutrum,Wloch,748.33,2019
328,Cubilia curae mauris,Hughlock,951.37,1937
329,Ultrices,Clinch,166.68,2013
330,Ipsum,Marjanovic,595.11,2000
331,Consequat,Mollatt,367.44,1900
332,Aliquam,Buffin,982.47,2014
333,Primis in faucibus,Licciardi,687.69,1946
334,Posuere cubilia,Bocken,402.02,1987
335,Libero non,Kleinpeltz,1066.46,1957
336,Nibh quisque,Pelman,962.81,1991
337,Arcu libero,Ladbrook,415.8,2006
338,Nec,Clemanceau,868.26,1914
339,Lacinia eget,Pollastro,193.94,2003
340,Integer a,Gazey,102.78,2014
341,Quis orci eget,Slad,813.98,1986
342,Ut massa,Danton,1187.68,1906
343,At turpis donec,Sammars,1028.65,1974
344,Sed lacus morbi,Rogans,709.26,1986
345,In congue etiam,Statersfield,422.01,1986
346,Maecenas leo,Monelli,998.06,1963
347,Vivamus vestibulum sagittis,Stokey,255.65,1930
348,Aenean lectus pellentesque,Digby,206.13,1965
349,Iaculis,Halksworth,607.15,1947
350,Felis sed,Bilbrooke,1090.7,1958
351,Mi in porttitor,Veldman,385.18,1974
352,Leo,Couper,561.77,1977
353,Proin interdum mauris,Shiril,785.32,2008
354,Sit,Sperring,1468.42,1982
355,Eget elit,Laborde,1176.02,1926
356,Aliquet maecenas leo,Tillman,699.55,1960
357,Est,Tookey,644.98,1940
358,Vivamus vestibulum sagittis,Seally,387.36,1988
359,Eu orci mauris,MacKibbon,198.2,2004
360,Sit amet consectetuer,Schneidau,1327.69,2015
361,Mauris enim leo,Mangin,419.62,2006
362,Eu tincidunt in,Harrigan,677.55,2013
363,Mi in porttitor,Dudin,1292.49,1908
364,Nulla sed,Sunner,492.92,1973
365,Consequat nulla nisl,Zini,1408.05,1921
366,Pede libero,Shillaker,961.98,1977
367,Donec,Ingray,143.1,2013
368,Luctus nec,Punton,433.65,2008
369,Eleifend pede,Pipkin,204.91,1944
370,Potenti,Longmate,895.45,1910
371,Eget massa,MacGoun,683.59,2007
372,Eu pede,Behrens,799.77,1970
373,Quisque,Blamire,1335.14,1942
374,Lectus,Batrick,372.6,1984
375,Euismod,Nuttall,1390.32,1945
376,Vel sem sed,Pieters,834.41,2011
377,Vulputate ut,Dyshart,1265.82,1976
378,Libero nam dui,Kinde,1481.51,1996
379,Tempus sit amet,Bedbury,463.24,2020
380,Ac,Sondon,113.34,2003
381,Quis,Upcott,966.43,2007
382,Ligula,Zukierman,498.3,1918
383,Elementum,Kasper,1072.44,1950
384,Mauris ullamcorper,Plumbridge,1371.31,1921
385,Curae,Bidgood,1177.85,1923
386,Odio curabitur,Leydon,168.4,1971
387,Imperdiet et commodo,Locks,110.57,2000
388,Dui vel nisl,Wanstall,408.68,1955
389,Dapibus dolor,Baddam,613.17,1946
390,Etiam vel augue,Parriss,1125.68,1978
391,Enim,Gelsthorpe,867.98,1902
392,Tempor convallis nulla,Huby,1162.03,1901
393,Sem fusce consequat,Keble,1068.43,1917
394,Id nulla ultrices,Pleass,1046.16,1933
395,Mattis,Bairstow,839.4,1965
396,Quis,Dudenie,184.15,2018
397,Risus dapibus,Dumingos,779.17,1910
398,Amet consectetuer,Dumberell,377.48,1953
399,Nullam,MacCoughen,440.91,1905
400,Purus,Woolforde,1044.02,1956
401,Quis orci,Mackison,747.18,2002
402,Consectetuer,Cullon,747.74,2017
403,Vel,Leeb,1229.31,1969
404,Et magnis,Roelvink,1064.76,1970
405,Purus phasellus in,Megahey,1401.99,1916
406,Non pretium quis,Togher,1419.82,2006
407,In faucibus orci,Scrivner,1201.95,1962
408,Diam vitae quam,Arthars,221.29,2018
409,Pede justo eu,Kimbrough,1155.58,1902
410,Odio,Sherar,459.62,1944
411,Libero,Burrus,383.02,1943
412,Etiam justo,Callander,584.13,1918
413,Vel,Goodricke,1025.57,2012
414,Elementum ligula,Luetkemeyers,233.53,1975
415,Diam,Danko,955.74,1950
416,Maecenas rhoncus,Bellord,716.9,2007
417,Aliquam erat volutpat,Darlaston,716.63,2002
418,Nullam,Mannix,1120.19,1960
419,Iaculis,Bernardt,1419.49,1907
420,Arcu sed augue,Reek,342.05,1917
421,Nulla ut erat,Luisetti,373.33,1935
422,Erat eros,Buntain,554.14,1931
423,Sit amet justo,Algy,1423.81,1904
424,Platea,Dymoke,1110.08,1933
425,Ultrices enim lorem,Logsdale,735.64,1972
426,Rhoncus mauris,Rampage,355.75,1933
427,Justo sollicitudin,Scorton,268.21,1993
428,Tempus vivamus,Biset,960.84,1986
429,Urna pretium,Thumnel,381.19,1909
430,Praesent lectus vestibulum,Edmondson,1014.35,1905
431,Nullam varius nulla,Cometti,1490.95,1931
432,Suspendisse,Rhule,1318.88,1926
433,Sodales,MacGhee,142.21,1903
434,Lobortis est phasellus,Rizon,1426.86,1944
435,Sit amet,Luetkemeyers,922.0,1924
436,Velit nec nisi,De Blasiis,824.75,1911
437,Ac neque,Ambler,732.01,1986
438,Turpis adipiscing,Elcomb,876.88,1975
439,Rutrum at lorem,Iley,919.74,1907
440,Libero nam dui,Culwen,1261.33,1995
441,Nulla nisl,Boshard,753.94,1983
442,Eleifend donec ut,Goldfinch,1381.69,1976
443,Sed tristique,Bason,912.98,1941
444,In hac,Gonoude,404.23,1971
445,Tristique in tempus,Kaesmans,340.38,1971
446,Ut mauris,Lemar,843.26,2002
447,Pretium iaculis,Hadwin,240.25,2009
448,Eleifend,Purle,1168.18,1989
449,Ut,Greguol,603.65,1999
450,Elementum ligula vehicula,Grono,100.23,1949
451,Neque aenean,Surgeon,1151.83,1910
452,Duis ac nibh,Bodycomb,1492.49,1973
453,Quisque,Corro,580.7,1919
454,Quam nec dui,Ferroli,486.77,1980
455,Aliquet pulvinar,Kille,1137.95,1959
456,Quam,Mityushin,1143.0,1925
457,Erat id mauris,Ellens,1163.77,1963
458,In felis donec,Colliard,430.42,1926
459,Augue,Reggio,328.42,1951
460,Neque vestibulum,Meo,280.76,1999
461,Vestibulum ante ipsum,Dunton,270.98,1976
462,Sit,Sayburn,1469.07,1919
463,Donec semper sapien,Ellershaw,497.66,2000
464,Nisi venenatis,Vasyukov,1052.36,1995
465,Eget,Ticksall,233.29,1906
466,Vulputate justo,Twoohy,552.15,1971
467,Vulputate vitae,Leipold,741.41,1997
468,Pede,Henze,170.22,1928
469,Condimentum curabitur in,Mabson,996.74,1915
470,Tincidunt ante vel,Pieroni,173.58,2001
471,Odio curabitur,Grier,282.94,1984
472,In lectus pellentesque,Maleck,825.82,1991
473,Congue etiam justo,Mariner,908.33,1902
474,Quisque,Kharchinski,517.49,1953
475,Pellentesque,Betke,1323.87,2014
476,Magna,Wickins,929.33,1905
477,Suspendisse,Stonhard,805.08,1942
478,Vulputate,Maddy,422.74,1954
479,Est,Kull,437.24,1952
480,Phasellus,Standish-Brooks,1461.04,1912
481,Quis tortor id,McCracken,730.05,1986
482,Ornare consequat lectus,Pearsey,890.94,1988
483,Vel,Self,1469.49,1986
484,Interdum venenatis turpis,Willison,377.89,1913
485,Vel,Lassey,1243.92,1988
486,Lectus,Shakesby,1475.27,1946
487,Sapien,Kondratowicz,188.07,1920
488,Lacus morbi,Barnaclough,1305.84,1987
489,Consectetuer eget rutrum,Carlozzi,1361.03,1993
490,Aliquet massa id,Sexten,1223.06,1943
491,Eu orci mauris,Mayfield,877.79,1983
492,Velit,Lanchbury,875.11,1920
493,Quis orci,Betun,1135.15,1914
494,Sapien dignissim,Kerfoot,456.1,1981
495,Aliquet,Nancarrow,217.38,1946
496,Purus eu,Spellacey,949.32,1927
497,Convallis nunc proin,Akam,1372.81,2001
498,Donec odio,Twist,1024.0,2003
499,Tristique in tempus,Haverson,400.64,2004
500,Amet consectetuer,Greson,1245.44,1969
501,Dapibus,Neary,137.85,1945
502,Sapien,Servant,1238.74,1926
503,Nascetur ridiculus mus,Pollastrino,634.24,1962
504,Duis,Lownsbrough,749.9,1926
505,Magna vulputate luctus,Andreuzzi,1402.73,1982
506,Justo lacinia eget,Josebury,1462.19,1956
507,Nulla,Treasure,1297.3,1960
508,Urna pretium nisl,Maddox,690.78,1903
509,Cubilia curae mauris,Yeld,1353.92,1953
510,Justo,MacGarvey,659.71,1946
511,Cursus id turpis,Fillis,810.01,1944
512,Mauris laoreet ut,Hawkswood,424.74,1967
513,Orci,Gierth,985.71,2006
514,Sed tristique,Doget,656.03,1910
515,Non,Okeshott,1104.95,1972
516,Sed augue aliquam,Rickaby,1144.36,1962
517,Nonummy integer,Upshall,229.92,2011
518,Enim lorem ipsum,Aikett,834.15,2017
519,Risus,Hallwood,1059.37,1981
520,Condimentum curabitur in,Weekly,1071.01,1985
521,Interdum venenatis turpis,Cowdray,1117.83,1964
522,Rhoncus sed vestibulum,Clive,1369.88,1956
523,Sed ante vivamus,Collibear,639.45,1903
524,Accumsan,Stichel,1441.89,1986
525,Vivamus metus,Caplis,934.16,1987
526,Adipiscing lorem,Aslen,118.85,1967
527,Ipsum ac tellus,Zaczek,1248.47,1992
528,Semper sapien a,Alexsandrovich,811.89,1924
529,Vulputate nonummy,Parnham,1239.31,2000
530,Amet,Tredger,346.51,2007
531,Dolor,Petto,326.41,1916
532,Eget massa tempor,Bew,428.2,1958
533,Leo maecenas pulvinar,Capp,994.99,1926
534,Ultrices libero,Yakunkin,745.15,1997
535,Mi,Kingswell,839.99,1925
536,Ac,Stallan,1430.46,1972
537,Rhoncus,Decayette,1147.88,1976
538,Quam,Beamish,735.84,2011
539,Pede,Davidovic,1044.38,1938
540,Sem mauris,Devinn,139.55,1930
541,Ultrices,Kures,1061.0,1940
542,Tortor duis,Walak,224.44,1990
543,Quis tortor,Hubber,320.33,1915
544,Mus etiam,Rissen,1102.2,2001
545,Duis consequat dui,Ivasyushkin,666.83,2014
546,Elementum nullam,Burroughes,1193.12,1990
547,Phasellus id,Colliver,1439.16,1941
548,Rhoncus,Suthworth,864.36,2009
549,Aliquam,Case,882.34,1914
550,Id,Upton,655.26,2000
551,Dapibus augue vel,Grosvener,1401.38,1959
552,Volutpat,McCrainor,1178.53,1977
553,Tristique,Fittes,713.03,2002
554,Magna bibendum imperdiet,Brookwell,1147.99,2015
555,Morbi vel,Shay,616.35,2011
556,Congue vivamus,Pauletti,1253.1,1915
557,Felis sed,Gitsham,824.22,1932
558,Ante ipsum primis,Foyle,353.63,1995
559,Pulvinar,Pinney,883.15,1970
560,Non interdum in,Lillgard,1197.07,2013
561,Posuere,Twelves,978.16,1922
562,Venenatis turpis,Harcase,617.99,1999
563,Dolor vel,Jiroutek,1249.78,2019
564,Potenti,Cudd,1457.21,1977
565,At,Zimmerman,1389.95,1997
566,Amet,MacGibbon,581.54,2013
567,Ante ipsum primis,Pietrasik,133.42,1969
568,At,Shackell,685.76,2017
569,Vulputate luctus,Sparkwell,197.83,1995
570,Sapien in,Ramos,892.69,1959
571,Ullamcorper,Taye,1390.05,1911
572,Accumsan tortor quis,Kochel,385.32,1926
573,In tempor,Germann,512.68,1982
574,Nisi eu,O' Kelleher,523.47,1941
575,Accumsan,Pett,498.12,1940
576,In tempor,O'Kinneally,1236.69,1912
577,Venenatis lacinia aenean,King,854.17,1949
578,Dis parturient montes,Brinkley,1193.47,1953
579,Pellentesque,Stowte,725.56,1912
580,Felis sed interdum,Thouless,1069.65,2003
581,Ante,Londer,826.15,1965
582,Consectetuer adipiscing,Moorton,248.28,1958
583,Vestibulum vestibulum,Loach,453.26,1947
584,Nibh fusce,Perceval,1357.78,1954
585,Ante vestibulum,Kernell,1177.7,2002
586,Vestibulum,Strute,800.69,1949
587,Nulla,Tolworthy,951.17,1938
588,Orci vehicula condimentum,Giffen,958.85,1908
589,Nulla,Carbine,457.5,1931
590,Metus,Giovanetti,791.02,1939
591,Sit amet,Stileman,1047.23,2006
592,Non mattis pulvinar,Marshal,194.96,1992
593,Eu sapien cursus,Dawney,644.36,1964
594,Ut,Patrick,970.69,1909
595,Vulputate luctus cum,Heinemann,1192.85,1934
596,Scelerisque mauris,Negro,1443.15,1991
597,Eget congue eget,Pleven,1042.99,1964
598,Lectus pellentesque eget,Rubinovici,216.87,1989
599,Potenti,Ivashin,1352.43,1960
600,Lectus pellentesque eget,Romushkin,201.29,1993
601,Justo in blandit,Killbey,1060.18,1946
602,Sit amet sapien,Noirel,1233.44,1930
603,Tincidunt in leo,Tugman,651.38,1934
604,Nulla,Dybald,179.47,1979
605,At nunc commodo,Garden,968.16,1900
606,At turpis,Quiddihy,905.52,1910
607,In consequat,Gencke,875.32,1910
608,Vel,Rentoul,1343.52,1935
609,At diam,Hause,446.69,1955
610,Id nulla,Decroix,127.34,1960
611,Tempus vel pede,Upward,851.44,1977
612,Sem sed,Alenichev,382.92,1933
613,Nulla eget,Benion,766.29,1915
614,Nulla sed,Woollett,1222.38,2020
615,Augue,Hukins,1355.36,1993
616,Quam pharetra magna,Arguile,947.21,1940
617,Sit amet consectetuer,Brannan,357.74,1997
618,Ipsum,Soane,678.32,1965
619,Elit ac,Ring,287.78,1948
620,Suscipit ligula,Stroband,451.86,1963
621,Tempus,Benz,539.01,1917
622,In,Fusco,124.85,1981
623,Volutpat,Morrid,164.45,2004
624,Sed ante vivamus,Lie,1024.99,1957
625,Leo,Yeomans,1245.5,1941
626,Ut erat,Choules,1241.77,2004
627,Aliquam augue,Roan,768.74,1950
628,Eros elementum,Impleton,675.77,1969
629,Curae nulla dapibus,Dunseath,610.67,2011
630,At velit,Sayles,281.16,1994
631,Vestibulum,Squibb,844.63,1997
632,Vestibulum proin,Menelaws,578.57,1920
633,Nisi eu orci,Gerrietz,208.29,1901
634,Dolor morbi vel,Scoyles,151.84,2013
635,Lorem,Stanyon,192.71,2000
636,Aliquam,Dominighi,1098.03,2013
637,Nulla,Alenin,461.28,1974
638,Est donec odio,O'Breen,557.93,1929
639,Tincidunt nulla,Krug,886.02,1922
640,Aenean fermentum donec,Studdard,821.62,2006
641,Pede,Michele,312.49,1912
642,Venenatis non sodales,Casel,156.77,1917
643,Cum,Kinvan,707.45,2017
644,Pretium iaculis,Skillen,725.22,1947
645,Donec quis orci,Jeckells,1435.87,1986
646,Ac enim in,Tomley,1105.44,2020
647,Placerat,Pridie,935.77,1929
648,Donec,Arnely,1176.49,1936
649,Erat nulla,Cranney,333.42,1907
650,Id,Levett,514.56,1955
651,Dui nec,Sams,1351.75,1901
652,Eros,Clackers,461.42,1976
653,Luctus et ultrices,Henriksson,448.66,1952
654,Orci vehicula,Earie,841.19,1958
655,Donec pharetra,Caudelier,1285.33,1930
656,Dis,Bront,730.67,1903
657,Porta,Millmore,1140.02,1935
658,Dis parturient montes,Shakeshaft,1333.46,1928
659,Id,Earwicker,1085.3,1917
660,Praesent blandit lacinia,Fowlds,1434.06,1987
661,Mauris lacinia sapien,Udy,244.66,1988
662,Quis orci nullam,Mouncey,564.72,2001
663,Dolor,Regnard,1100.06,1991
664,Quis turpis,Durning,983.22,1919
665,Enim,O'Feeny,955.86,1977
666,Faucibus,Bernolet,173.76,1925
667,Donec,Clerke,139.34,2012
668,Luctus,Gibby,1421.59,1953
669,Amet lobortis sapien,Chatenet,818.65,1962
670,Justo,Jobbins,626.25,2020
671,Sed vestibulum,Crowcombe,1302.58,1998
672,Primis in,Ciani,1228.83,1953
673,At vulputate vitae,Fuchs,1342.27,1918
674,Nulla,Thurgood,1028.08,2007
675,Condimentum id,Gemnett,832.78,1964
676,Nisi venenatis,Ewin,808.86,1963
677,Nec,Winridge,931.71,1979
678,Convallis morbi odio,Artist,367.1,1965
679,Felis,Bowld,422.38,1973
680,Consequat,Gobbet,997.76,1957
681,Hac,Le Port,383.52,1986
682,Massa tempor,Strachan,1024.71,1999
683,Elementum eu interdum,Petrillo,182.11,1998
684,Justo,Bote,1458.45,1906
685,Sem duis aliquam,Donoghue,995.98,1983
686,Nec nisi,Vittore,759.75,1967
687,Morbi,Shearwood,1217.62,1988
688,Cubilia curae,Davys,771.69,1910
689,Congue eget semper,McTeague,963.69,1904
690,Elementum,Lamport,1021.55,1995
691,Pede morbi,McCarlie,733.02,1912
692,A odio in,Caplan,247.02,1914
693,Consequat ut nulla,Slorance,733.21,2019
694,In,Hibbart,955.19,1912
695,Praesent,Scrivens,924.79,1926
696,Ante ipsum,Simmen,403.53,1987
697,Vel lectus in,Giacobelli,633.0,1910
698,Quisque arcu libero,Twinberrow,163.78,1970
699,Lacus,Skeels,831.37,2002
700,Odio,Wytchard,876.74,1927
701,Eget,Curless,582.39,2015
702,Phasellus id sapien,Croster,612.14,1965
703,Eros vestibulum,Aspden,258.79,1940
704,Sed vel,Coom,378.43,2011
705,Commodo vulputate justo,Smewing,405.54,1979
706,Adipiscing elit,Rack,800.66,1962
707,In est risus,Tureville,1163.31,2019
708,Luctus,Fricke,512.56,1903
709,Mauris laoreet ut,Osbaldeston,700.76,2014
710,Venenatis tristique,Hacard,1405.24,1999
711,Donec posuere,Mattiazzo,407.4,2000
712,Nullam varius nulla,Aysh,680.56,1947
713,Pellentesque ultrices,Bothbie,648.27,1992
714,Volutpat,Scarre,1406.35,1942
715,Nam,Fuente,1195.68,1982
716,Ultrices posuere cubilia,Harbin,922.37,1939
717,Quis,Southgate,824.09,1941
718,Vestibulum ante ipsum,Dockery,565.39,1954
719,Ornare consequat,Forri,871.22,1926
720,Justo,Circuitt,1098.35,2017
721,Dui nec nisi,MacCoughen,590.8,2002
722,Vestibulum aliquet,Todarini,462.48,1941
723,Volutpat,Dendle,655.34,2005
724,Nisl,Purtell,1449.62,1944
725,Nascetur ridiculus,Steed,1175.3,1918
726,Sem sed sagittis,de la Valette Parisot,209.49,1928
727,Nulla quisque arcu,Franses,197.84,2005
728,Felis,Anstead,132.31,1948
729,Diam neque,Drawmer,1483.14,1949
730,Lectus,Canto,1017.32,1978
731,Sed ante vivamus,Hawtrey,343.8,2012
732,Pede posuere,Trahair,254.92,1941
733,Turpis elementum ligula,Gofford,195.27,1926
734,Amet,Reddle,128.48,1921
735,Metus,Pablo,301.7,1973
736,Sapien,Weldrake,625.93,1910
737,Aliquet ultrices erat,Beel,943.02,2017
738,Amet lobortis sapien,Struan,177.93,1923
739,Urna pretium nisl,Battersby,241.63,1908
740,Potenti,Scotson,830.27,1900
741,Velit,Leeder,1115.42,1982
742,Nisl nunc,Spadotto,1040.27,1917
743,Justo pellentesque,Van Castele,145.43,1986
744,Nunc,Alred,990.49,1936
745,Mauris non ligula,Braddock,272.86,1950
746,Pellentesque at,Jurca,103.2,1950
747,Mauris,McUre,1477.08,1942
748,Consequat dui,O'Drought,1462.0,1904
749,Integer,Brocks,359.85,1957
750,Quisque,Telling,437.89,1906
751,In lectus pellentesque,Balsillie,781.29,1924
752,Lacus morbi,Blease,1376.79,1959
753,Sed augue,Prater,862.92,1942
754,Aliquam,Bottleson,1093.95,2018
755,Nisi at nibh,Gasperi,632.17,1920
756,Donec ut dolor,Nugent,439.07,1955
757,Libero,Geikie,425.55,1995
758,Phasellus,Volante,181.66,1980
759,Vulputate ut,Rossbrook,1377.2,1947
760,Nisi eu orci,Winkell,478.56,2002
761,Pretium nisl ut,Godon,1239.42,1971
762,Sapien,Collington,1328.61,2018
763,In,Lamba,876.81,1968
764,Vitae ipsum,McLleese,266.29,1947
765,Venenatis,Kasperski,524.6,1953
766,Amet sapien dignissim,Brandham,1243.07,1927
767,Nunc,Tommasi,1316.99,1957
768,Felis ut,Rust,881.99,1998
769,Nunc,Haberfield,401.94,1988
770,Praesent blandit,Worgen,1262.24,1927
771,Nisl ut,Woodfin,1024.98,1942
772,Ipsum primis in,Wattingham,1028.98,1984
773,Id mauris,Woollett,401.9,2010
774,Pellentesque viverra pede,Adnet,469.15,2015
775,Sapien placerat,Flieg,848.76,1995
776,Augue,Clausewitz,487.7,1945
777,Fusce lacus purus,Leil,1217.99,1923
778,Nunc viverra dapibus,Swinburne,1418.09,2019
779,Turpis integer aliquet,McGillecole,1068.46,2002
780,Ut ultrices,Middlebrook,124.47,1923
781,Sit amet sem,Rainon,956.83,1934
782,Nam congue,Stockwell,351.08,1976
783,Vivamus,Gipps,956.98,1920
784,Donec,Guirau,363.92,2000
785,Condimentum id,Jojic,204.22,1905
786,Lectus pellentesque,Itzchaky,863.55,1910
787,Orci luctus,Mintrim,153.08,2005
788,Eget nunc,Scrooby,1261.05,1913
789,Pellentesque viverra pede,Dumphrey,349.68,1996
790,Adipiscing elit,Pagitt,254.74,1983
791,Lobortis ligula,Rickardsson,1285.27,1926
792,A ipsum,Trenholme,200.88,1964
793,Quisque porta volutpat,Siemon,944.38,2011
794,Massa,Chupin,789.17,2011
795,Consectetuer eget,Isakowicz,1258.96,1919
796,Luctus cum sociis,Tomaini,202.97,1934
797,Enim lorem ipsum,Boken,891.19,2018
798,Nec nisi vulputate,Serfati,294.39,1947
799,Curae duis,Etherington,744.3,1959
800,In eleifend,Furphy,178.96,1967
801,Odio in hac,Duggleby,369.24,2013
802,Fusce,Monteaux,263.21,1965
803,Congue diam,Brunelli,1353.23,1995
804,Cras,Hamshere,787.75,1988
805,A feugiat et,Kerne,919.96,1938
806,Posuere cubilia,Beneix,583.88,1943
807,Lobortis vel dapibus,Loidl,776.35,1921
808,Tempus vivamus in,Gasson,810.0,1918
809,Nascetur ridiculus,Horder,1210.39,1980
810,Pellentesque ultrices,Tuite,1272.07,1987
811,Vitae consectetuer,De Vuyst,1233.64,1939
812,Nulla facilisi,Di Batista,830.5,1982
813,Eget congue,Crowth,882.15,1990
814,Sapien,Wooddisse,397.86,1913
815,At turpis donec,McGinnis,899.08,1926
816,Justo nec,Hesey,935.68,1924
817,Aenean fermentum donec,Sewley,1429.32,1985
818,Imperdiet sapien,Emery,820.95,2017
819,Eget,Faulconbridge,1219.42,1993
820,Quis lectus,Bradforth,580.68,1950
821,Platea dictumst aliquam,Deex,381.76,2003
822,Massa id,Sifleet,1249.24,1932
823,Ac est lacinia,Natt,672.41,1975
824,Vel sem sed,Hissie,1138.38,2011
825,Morbi sem mauris,Sackett,553.17,1971
826,Eget,Murfett,1290.5,1973
827,Sapien,Josephov,543.52,1901
828,A libero,Schrader,1458.73,1927
829,Eget elit,Nanelli,204.2,1931
830,Posuere,Coaten,171.9,2012
831,Venenatis tristique fusce,Cheesworth,422.72,1955
832,In lectus pellentesque,Smyley,469.47,1921
833,Donec,Sandford,134.98,1953
834,Nisl,O'Meara,501.55,2008
835,Nec condimentum,Guenther,825.8,1919
836,Nibh,Youngs,1456.32,1974
837,Pellentesque ultrices,Petrov,550.67,2009
838,Morbi non lectus,Ewbanks,1003.19,1933
839,Natoque penatibus,Rohmer,1005.48,1935
840,Vehicula,Winscom,1358.48,2016
841,Molestie sed justo,Steutly,1330.58,1954
842,Platea dictumst aliquam,Zima,1225.98,1991
843,Id ligula suspendisse,Britcher,1302.89,2011
844,Blandit non interdum,McJarrow,1070.94,1955
845,Suscipit,Sommerlin,140.72,2005
846,Non sodales sed,Witherdon,685.34,1967
847,Sit amet,Strathe,746.7,1967
848,Tortor id,Kensley,1092.59,1905
849,Molestie,Kliement,893.49,1932
850,Pede ullamcorper,Jarrelt,1270.06,1996
851,Elementum eu,Itzkin,1061.83,1969
852,Sapien,Fryd,408.2,1910
853,Risus semper,Bock,438.6,1904
854,Pulvinar nulla pede,Dalziell,177.65,2008
855,Aliquet,Jeffs,884.11,1990
856,Blandit ultrices enim,McManamon,648.56,1922
857,Felis eu sapien,Dillinger,573.93,1971
858,Quam,Blackwood,1275.53,2015
859,Mus etiam vel,Collens,495.87,1911
860,Congue risus,Leven,164.65,1953
861,In hac,McIlvaney,210.14,1999
862,Fusce lacus,Cesconi,1264.25,1961
863,Odio odio,Brigden,1016.89,2002
864,Consequat varius integer,Benbough,242.44,1908
865,Lobortis sapien sapien,Novello,319.62,1998
866,Duis bibendum felis,Tisor,446.62,2003
867,In,Willcocks,1495.16,1903
868,Nisi at,Sweetenham,1136.18,1915
869,Sapien iaculis congue,Lindemann,1187.37,1912
870,Purus,Norcliff,518.45,1953
871,Purus eu magna,Dyke,1069.07,1968
872,Phasellus sit,Kestle,596.65,1942
873,Semper rutrum nulla,Putley,441.23,1995
874,Euismod,Thredder,288.9,2011
875,A,Latty,560.67,1939
876,Nisl nunc rhoncus,Heyfield,903.76,1972
877,Sem mauris,Dismore,302.06,1935
878,Ac,Hopkyns,1110.96,1943
879,Justo pellentesque viverra,Gandrich,409.94,1976
880,Tincidunt,Remmers,1437.25,2019
881,Justo,Freshwater,1373.83,1926
882,A odio in,Bache,699.9,2011
883,Risus,Shakesbye,624.57,1965
884,Posuere felis,Lampke,1103.17,1978
885,Quisque porta volutpat,Leamon,798.26,1919
886,Tincidunt ante vel,Hamil,1355.56,1938
887,Sapien placerat ante,De Pietri,1495.77,1996
888,Lacus morbi,Sivorn,593.69,1930
889,Accumsan,Laugier,408.16,1988
890,Hac habitasse,Konneke,1210.67,1961
891,Varius ut blandit,Pitrollo,528.0,1975
892,Orci luctus et,Lathleiffure,645.01,1920
893,Sit amet justo,Altimas,930.37,2007
894,Ornare,Boliver,371.0,1957
895,Aenean,Overpool,523.78,1999
896,Interdum eu tincidunt,Dossettor,117.48,1935
897,Aliquam sit amet,Trendle,906.94,1917
898,Donec diam neque,Rickeard,528.99,1962
899,Rhoncus dui vel,Connachan,925.01,1916
900,Velit,Verman,562.26,2012
901,Elementum,Cornner,626.34,1928
902,Venenatis,Kebell,777.33,1948
903,Rutrum nulla tellus,Buttrey,166.42,1973
904,Et commodo vulputate,O'Regan,477.57,1934
905,Massa id lobortis,Ivanovic,1314.95,1973
906,Duis,Burrett,450.9,1977
907,Felis fusce,Brent,1164.91,1957
908,Purus sit,Darrigoe,1290.17,1938
909,Cum sociis,Witherby,1222.53,2008
910,Habitasse,Geach,1445.91,1912
911,Etiam pretium,Bener,941.53,1909
912,Fermentum justo nec,Bedminster,926.23,1940
913,Elementum ligula vehicula,Le Breton De La Vieuville,1489.64,1932
914,Id,Lowman,589.13,1943
915,Augue vel,Porritt,189.76,2016
916,Arcu,Jeandillou,1126.78,1988
917,Viverra,Oxberry,751.54,2012
918,In,Calow,598.04,1985
919,Tellus in sagittis,Riepl,540.32,2001
920,Nec condimentum,Fannon,937.26,2015
921,Ridiculus mus etiam,Rozanski,634.38,2004
922,Non,Libbis,495.11,2012
923,Lobortis vel,Wilshin,655.05,1904
924,Est et tempus,Doonican,288.28,1962
925,Vivamus,Rutherforth,650.71,1940
926,Commodo placerat praesent,Petrazzi,865.08,1945
927,Pretium iaculis,Wimbridge,911.88,1974
928,Phasellus sit,Dwyer,522.34,1997
929,Mattis,Wannell,136.7,1926
930,Vel accumsan tellus,Alphege,223.91,2008
931,Ante vel ipsum,Conradie,175.43,1934
932,Nisi at nibh,Bew,586.16,1910
933,Vestibulum ante ipsum,Minister,815.17,1927
934,Ante,Brannan,515.44,1913
935,Curabitur,MacKeague,447.03,1943
936,Vivamus,Nend,821.5,1971
937,Suspendisse,Havick,1226.95,1907
938,Non mattis,Kopisch,101.16,2002
939,Ultrices posuere,Ivett,389.4,1991
940,Dapibus augue vel,Grey,578.98,1967
941,Id,Adolf,559.27,1999
942,Consequat varius,Chaikovski,194.85,1924
943,Fringilla,Ferreira,1479.63,2007
944,Enim,Quin,437.11,1956
945,Arcu libero rutrum,Esson,1009.56,2006
946,Pulvinar lobortis,Morling,704.53,1929
947,Integer ac,Juliano,462.85,2014
948,Mattis,Leyden,1259.71,1965
949,Ut,Bantock,749.03,1971
950,Justo nec,McCague,1334.42,1900
951,Libero,Piechnik,527.62,1924
952,Dapibus dolor vel,MacKellen,925.73,1973
953,Urna pretium nisl,Roz,1408.61,1948
954,In,Gheorghescu,1157.99,1958
955,Potenti nullam porttitor,Mahomet,893.02,1971
956,Amet turpis elementum,Kirsche,1375.41,1997
957,Lorem ipsum,Eastabrook,199.19,2019
958,Nam,Kingsford,381.69,1932
959,Est,De Carolis,625.89,1917
960,Et eros,Pratty,1326.29,1947
961,Cubilia,Gauchier,993.37,1999
962,Non lectus aliquam,Luckhurst,371.37,1916
963,Arcu libero,Livock,1329.16,1955
964,Egestas metus aenean,Johnes,1147.52,1947
965,Hac habitasse,Dewing,330.72,1934
966,Ut,Antonik,708.9,1982
967,Quisque porta volutpat,Matley,576.07,2012
968,Vitae mattis,Duer,1081.24,1947
969,Elit,Spring,406.92,1961
970,Etiam vel augue,Adanet,230.29,1977
971,Faucibus,Aiskovitch,384.82,1973
972,Pede,Saffill,496.41,1962
973,Sit amet,Waszczyk,332.47,1932
974,Aenean,Martineau,116.47,1956
975,Mauris,Waggatt,1456.34,1970
976,Morbi odio,Spehr,125.38,1927
977,At,Ollcott,464.13,1920
978,Mauris,Vaudin,1301.75,1917
979,Odio curabitur,Fearick,1052.05,1989
980,Id luctus nec,Cobb,386.09,2005
981,Aliquam sit amet,Philbin,153.46,1996
982,Nisl nunc rhoncus,McManamon,1241.37,1941
983,Magna bibendum,Leguay,585.13,1991
984,Nisl venenatis lacinia,Loadsman,474.15,1945
985,Quam fringilla rhoncus,Tolan,859.94,2006
986,Enim,Heibel,408.63,1948
987,Egestas metus aenean,Roswarn,1418.3,1995
988,Erat,Espinal,971.32,1917
989,Nullam,Whal,431.58,1984
990,Mattis odio donec,Fidelli,336.8,1952
991,Placerat praesent,Skippen,1415.7,1918
992,Vestibulum,Shilton,926.84,1981
993,Neque duis,Panter,556.45,1960
994,Quisque erat,Arrault,877.03,1984
995,Amet erat nulla,Langelay,1159.94,1924
996,Ultrices,Speariett,1017.32,1991
997,Aenean,Fancy,493.85,1923
998,Ultrices,Gillbee,798.61,1924
999,Ultrices erat tortor,McLarty,1405.4,1949
1000,Est et tempus,Campana,1406.62,1995
